{"cameraMode":{"drawMode":2,"name":"Shaded Wireframe","section":"Shading Mode"},"sceneLighting":false,"audioPlay":false,"sceneViewState":{"m_AlwaysRefresh":true,"showFog":true,"showSkybox":false,"showFlares":true,"showImageEffects":true,"showParticleSystems":true,"showVisualEffectGraphs":true,"m_FxEnabled":true},"in2DMode":false,"pivot":{"x":-0.02263910323381424,"y":0.022338688373565675,"z":-0.030849911272525789},"rotation":{"x":0.047949522733688357,"y":-0.9518179893493652,"z":0.2247760146856308,"w":0.203177347779274},"size":0.3489924669265747,"orthographic":false}