{"cameraMode":{"drawMode":0,"name":"Shaded","section":"Shading Mode"},"sceneLighting":true,"audioPlay":false,"sceneViewState":{"m_AlwaysRefresh":true,"showFog":true,"showSkybox":true,"showFlares":true,"showImageEffects":true,"showParticleSystems":true,"showVisualEffectGraphs":true,"m_FxEnabled":true},"in2DMode":false,"pivot":{"x":-1.6963298320770264,"y":1.7760037183761597,"z":7.313469409942627},"rotation":{"x":0.06941531598567963,"y":0.9217143654823303,"z":-0.32899075746536257,"w":0.1944214254617691},"size":12.12435531616211,"orthographic":false}