{"cameraMode":{"drawMode":0,"name":"Shaded","section":"Shading Mode"},"sceneLighting":true,"audioPlay":false,"sceneViewState":{"m_AlwaysRefresh":true,"showFog":true,"showSkybox":true,"showFlares":true,"showImageEffects":true,"showParticleSystems":true,"showVisualEffectGraphs":true,"m_FxEnabled":true},"in2DMode":false,"pivot":{"x":-4.326479434967041,"y":14.764656066894532,"z":14.123727798461914},"rotation":{"x":0.07531300187110901,"y":0.9126198887825012,"z":-0.35073766112327578,"w":0.19693361222743989},"size":10.87911605834961,"orthographic":false}