{"cameraMode":{"drawMode":0,"name":"Shaded","section":"Shading Mode"},"sceneLighting":true,"audioPlay":false,"sceneViewState":{"m_AlwaysRefresh":true,"showFog":true,"showSkybox":true,"showFlares":true,"showImageEffects":true,"showParticleSystems":true,"showVisualEffectGraphs":true,"m_FxEnabled":true},"in2DMode":false,"pivot":{"x":6.953497409820557,"y":-11.54971981048584,"z":-12.799158096313477},"rotation":{"x":0.05822691693902016,"y":0.9310092926025391,"z":-0.3182034492492676,"w":0.17026396095752717},"size":24.140722274780275,"orthographic":false}