{"cameraMode":{"drawMode":2,"name":"Shaded Wireframe","section":"Shading Mode"},"sceneLighting":false,"audioPlay":false,"sceneViewState":{"m_AlwaysRefresh":true,"showFog":true,"showSkybox":false,"showFlares":true,"showImageEffects":true,"showParticleSystems":true,"showVisualEffectGraphs":true,"m_FxEnabled":true},"in2DMode":false,"pivot":{"x":0.011660665273666382,"y":0.20080715417861939,"z":-0.004828900098800659},"rotation":{"x":0.11895754933357239,"y":-0.8769123554229736,"z":0.2808150351047516,"w":0.37158942222595217},"size":1.2876169681549073,"orthographic":false}