{"cameraMode":{"drawMode":2,"name":"Shaded Wireframe","section":"Shading Mode"},"sceneLighting":false,"audioPlay":false,"sceneViewState":{"m_AlwaysRefresh":true,"showFog":true,"showSkybox":false,"showFlares":true,"showImageEffects":true,"showParticleSystems":true,"showVisualEffectGraphs":true,"m_FxEnabled":true},"in2DMode":false,"pivot":{"x":-0.06614434719085694,"y":0.21048928797245027,"z":1.0883939266204835},"rotation":{"x":0.0006806063465774059,"y":-0.9769159555435181,"z":0.21374303102493287,"w":0.003228067187592387},"size":2.614163875579834,"orthographic":false}