{"cameraMode":{"drawMode":2,"name":"Shaded Wireframe","section":"Shading Mode"},"sceneLighting":false,"audioPlay":false,"sceneViewState":{"m_AlwaysRefresh":true,"showFog":true,"showSkybox":false,"showFlares":true,"showImageEffects":true,"showParticleSystems":true,"showVisualEffectGraphs":true,"m_FxEnabled":true},"in2DMode":false,"pivot":{"x":-0.08640798926353455,"y":-0.06497233361005783,"z":0.013118733651936055},"rotation":{"x":0.0006806063465774059,"y":-0.9769159555435181,"z":0.21374303102493287,"w":0.003228067187592387},"size":0.8798431158065796,"orthographic":false}