{"cameraMode":{"drawMode":0,"name":"Shaded","section":"Shading Mode"},"sceneLighting":false,"audioPlay":false,"sceneViewState":{"m_AlwaysRefresh":true,"showFog":true,"showSkybox":false,"showFlares":true,"showImageEffects":true,"showParticleSystems":true,"showVisualEffectGraphs":true,"m_FxEnabled":true},"in2DMode":false,"pivot":{"x":-0.07171931117773056,"y":0.2469538152217865,"z":0.009887206368148327},"rotation":{"x":0.04914429783821106,"y":-0.9477778077125549,"z":0.17610855400562287,"w":0.26187142729759219},"size":0.7610606551170349,"orthographic":false}