{"cameraMode":{"drawMode":2,"name":"Shaded Wireframe","section":"Shading Mode"},"sceneLighting":false,"audioPlay":false,"sceneViewState":{"m_AlwaysRefresh":true,"showFog":true,"showSkybox":false,"showFlares":true,"showImageEffects":true,"showParticleSystems":true,"showVisualEffectGraphs":true,"m_FxEnabled":true},"in2DMode":false,"pivot":{"x":-0.0010668784379959107,"y":0.17102056741714478,"z":-0.03956473618745804},"rotation":{"x":0.11895754933357239,"y":-0.8769123554229736,"z":0.2808150351047516,"w":0.37158942222595217},"size":0.552598237991333,"orthographic":false}